,CP,CellID,P,Timepoint
0,49.0,C1,1.15185909511e-28,49.0
1,88.0,C1,1.15185909511e-28,88.0
2,92.0,C1,1.15185909511e-28,92.0
3,5.0,C2,1.31196586408e-07,105.0
4,11.0,C2,1.31196586408e-07,111.0
5,26.0,C2,1.31196586408e-07,126.0
6,70.0,C2,1.31196586408e-07,170.0
7,75.0,C2,1.31196586408e-07,175.0
