,CP,CellID,P
0,49.0,C1,1.18495440609e-23
1,96.0,C1,1.18495440609e-23
2,78.0,C2,9.22975664255e-05
3,82.0,C2,9.22975664255e-05
